,BC5CDR_Terms,BC5CDR_Count,Search_Term,Content_Classification,duration_seconds,duration_seconds,comment_count,video_title,video_description,detected_language,is_live_broadcast,is_archived_live,live_actual_start_time,live_actual_end_time
YtgoxfG7uX8,[],0,Fisioterapia deportiva,"Científico
",620,620,147,Team Work: How the team doctors of FC Bayern work | Mini documentary,"How does the #FCBayern medical department work? How is an injured player treated and how does communication work within the coaching and support team? 
🎥 Behind the scenes with our team doctors Prof. Dr. Peter Ueblacker and Dr. Jochen Hahne, who look after the players' health and fitness on a daily basis. 
See how both deal with pressure and their responsibility and how innovative technologies from medical technology partner Siemens Healthineers support the medical team in the video. 
More info on the partnership between Siemens Healthineers and FC Bayern 👉 https://fc.bayern/Doku-Team-Work 

#FCBayern #MiaSanMia #Teamwork

► Wanna see more of Neuer, Müller, Mané & Co.? Subscribe now and hit the bell 🔔: https://fc.bayern/YouTubeAbo

FC Bayern Matchday Center: https://www.youtube.com/c/FCBayernMatchdayCenter
Facebook: https://www.facebook.com/FCBayern
Twitter: https://twitter.com/fcbayern
Instagram: https://www.instagram.com/fcbayern
TikTok: https://www.tiktok.com/@fcbayern
Snapchat: https://fc.bayern/FCBayernSnaps
Website: https://fcbayern.com
FC Bayern.tv: https://fcbayern.com/fcbayerntv
FC Bayern.tv live: https://fcbayern.com/fcbayerntv/de/fcbayerntvlive
FC Bayern Newsletter: https://fc.bayern/newsletter_youtube",en,False,False,,
_9ElpXUjlR4,[],0,Fisioterapia deportiva,"Irrelevante
",391,391,95,🚴🏼‍♂️ ¿Cómo hacer un MASAJE Deportivo?,"El mejor masaje deportivo para prevenir lesiones y convertirte en una pieza clave para tus deportistas — en este vídeo aprenderás qué tipo de masaje deportivo aplicar en cada momento, cómo cuidar el rendimiento de tus clientes deportistas y por qué un buen masajista deportivo es insustituible para cualquier equipo o atleta.

▬▬▬▬▬▬▬▬▬▬▬▬▬▬▬▬▬▬▬▬

👉 ¿Quieres ser Masajista Profesional o ya lo eres pero no estás consiguiendo resultados?
🆓 ACCEDE A LA CLASE GRATUITA → https://euespa.com/clase-gratuita-masaje/

▬▬▬▬▬▬▬▬▬▬▬▬▬▬▬▬▬▬▬▬

🏎️ Soy Jordi Casalta. Masajista de pilotos de Fórmula 1 y de las 24h de Le Mans. Director de la Escuela de Masaje Natura y de la Escuela Europea de Formación Spa — más de 27.000 alumnos formados.

💚 Aquí te enseño técnica, negocio y mentalidad para convertirte en un masajista referente con la agenda llena.

Porque los masajistas también podemos soñar a lo grande.

📸 Sígueme en Instagram → https://www.instagram.com/jordi.casalta

🔔 Suscríbete para no perderte ningún vídeo",es,False,False,,
Y0ccTBkTyfg,"['bruxism', 'pain', 'sciatica', 'shock']",4,Fisioterapia deportiva,"Irrelevante
",155,155,8,Clínica de fisioterapia en Madrid - ✅Abierto Sábado y Domingo - Fisioterapia cerca de mí ✅😄,"Tu clínica de fisioterapia en Madrid centro. El mejor fisioterapeuta de Madrid. ¡Ahora abrimos los fines de semana, 🔵Sábado y Domingo de 10 a 14 horas y de 16 a 19 horas. 
¡Llama ahora 📞916015830 o al teléfono 📞606986352 .Tecnología de vanguardia para resolver las patologías más difíciles. 
✅EPI, 
✅EPTE, 
✅ondas de choque, 
✅Diatermia 
✅ Alter G tecnología antigravitatoria para rehabilitación
✅Osteopatía
✅ervicio de podología , quiropodía 
✅Estudio biomecánico de la pisada
✅Estudio de la marcha
✅ITV del correodor
✅Pruebas de esfuerzo deportistas alto nivel
✅Nutrición
para tratar todo tipo de problemas de dolor de espalda, ciática, bruxismo, ATM, rodilla de corredor y fisioterapia deportiva en general. 
Tu salud es lo primero ¡Ven y verás la diferencia! 
Si quieres visitr nuestras redes puedes visitar
✅⏩https://www.facebook.com/clinicash3
✅⏩https://www.instagram.com/clinicash3fisioterapia/
✅⏩https://twitter.com/ClinicasH3
✅⏩https://www.linkedin.com/company/clinicas-h3-fisioterapia/
¡Llama ahora al 📞tel:916015830📞o al 📞tel:606986352📞 y te informamos de como podemos ayudarte!",es,False,False,,
utkdcx7Nwvk,['injuries'],1,Fisioterapia deportiva,"Pseudocientífico
",493,493,7,Unidad de Alto Rendimiento Deportivo de Fisioincorpore: Medicina Hiperbárica,"¿Quieres ser deportista profesional? Además de talento y mucho esfuerzo necesitas el seguimiento de un equipo multidisciplnar especializado en el rendimiento deportivo.

En este vídeo te presentamos las ventajas de la Medicina Hiperbárica para deportistas que quieren mejorar su rendimiento deportivo.

Después de ver este vídeo, entra en nuestra web www.fisioincorpore.es/unidad-rendimiento-deportivo/

Te ofrecemos el trabajo de un equipo de profesionales especializados en salud y en mejorar el rendimiento deportivo de profesionales del deporte.

Nuestro equipo cuenta con traumatólogos, psicólogos, fisioterapeutas y especialistas en readaptación deportiva y ejercicios físico, nutricionistas, etc.

Nuestro programa consta de 4 objetivos:

- Ayudar a prevenir lesiones y, si las hubiera, tratarlas y ayudar al deportista a seguir compitiendo.

- Mejorar la nutrición y adaptarla a sus necesidades físicas.

- ¡Mentalidad de campeón! Mejorar las aptitudes del deportista para la competición y para entender sus necesidades y saber adaptarse a ellas.

- Estudio y potenciación personalizada de sus capacidades físicas. Mejoramos notablemente su rendimiento físico en función de su potencial.

Dentro de la unidad, ofrecemos además varios servicios diferenciados y que suponen una ventaja competitiva para los deportistas que van a hacer uso de nuestra unidad:

Test genético.
Análisis biomecánico del deportista.
Medicina deportiva e hiperbárica.
Preparación y readaptación física especializada.
Fisioterapia Avanzada.",es,False,False,,
iVw3xIEAOx8,['fracture'],1,Fisioterapia deportiva,"Científico
",118,118,0,FISIOTERAPIA A DOMICILIO - URBANFISIO - Fisioterapia cercana y de calidad,"UrbanFisio es una nueva forma de experimentar la fisioterapia a domicilio. 

UrbanFisio manda un fisioterapeuta a tu casa y en el horario que tú elijas, sin necesidad de cita previa.

Fisioterapia deportiva, masajes terapéuticos, masajes relajantes, rehabilitación... Todo desde la comodidad de tu hogar. 

El fisio que va a domicilio lleva su propia camilla.

Reserva ahora con UrbanFisio: www.urbanfisio.com

La fisioterapia es una profesión sanitaria, y todos nuestros fisioterapeutas son colegiados. 

La fisioterapia en casa supone muchas ventajas:

- Puedes reservar un fisioterapeuta para que vaya a tu hogar y así poder aprovechar mejor tu tiempo. No tendrás que moverte ni desplazarte, sino que el fisio lo hará por ti.

- UrbanFisio se adapta a tus horarios. En muchas ocasiones cuando sales de trabajar es tarde, las clínicas están cerradas, o estás tan cansado que lo único que te apetece es irte a casa. El horario de UrbanFisio es más flexible: de 8 a 22 horas e incluye los fines de semana.

- También puedes reservar la fisioterapia a domicilio para que el fisioterapeuta se desplace a tu trabajo. Ya que pasas horas frente al ordenador, invierte al menos una en tratarte y mejorar tu bienestar.

- La fisioterapia a domilio tiene también muchas ventajas para las personas mayores, que son quizá las que más necesitan tratarse. Muchas veces no lo hacen porque no tienen a nadie que pueda llevarles. 

- Que el fisio vaya a casa es un alivio cuando se trata, por ejemplo, de realizar rehabilitación después de una fractura o una operación. 

No olvides que lo natural es cuidarse. Prueba UrbanFisio.

www.urbanfisio.com
Facebook: https://www.facebook.com/urbanfisio1
Twitter: https://twitter.com/UrbanFisio",es,False,False,,
VLPjNVBggTo,['pain'],1,Fisioterapia deportiva,"Científico
",511,511,3,Manguito rotador: Ejercicios de readaptación deportiva de nivel inicial | Fisioncorpore,"Juan es un paciente con una lesión del manguito rotador. Profesional y profesor de pádel, para Juan es fundamental poder recuperar su lesión de hombro y volver a usar determinados movimientos sin la limitación que tenía hasta ahora y, más importante todavía, limitar y reducir su nivel de dolor agudo, que era altísimo.

En otros vídeos de nuestro canal explicamos los síntomas y pruebas que se corresponden a esta patología, en este te explicamos varios ejercicios de readaptación deportiva de nivel incial, lo que vendría a ser fase I del proceso de recuperación.

La rehabilitación del hombro de Juan incluye tratamientos de fisioterapia avanzada, terapia manual y diferentes   niveles de ejercicios adaptados de readaptación deportiva, para poder recuperar su lesión del manguito  rotador en el hombro.

Cuando sufrimos una lesión de los rotadores del manguito, no hablamos de un músculo o tendón específico ya que el manguito rotador no es un músculo o tendón, sino una ZONA, que además, a todo el hombro.

Entre los diferentes tratamientos que hemos usado con Juan están:

➡️Epi Ecoguiada.
➡️ Neuromodulación Percutánea Intratisular.
➡️ Microacondicionamiento.
➡️ Y por supuesto, readaptación deportiva específica para el hombro y el manguito rotador.

La evolución de Juan ha sido excelente, por eso compartimos su caso con vosotr@s.


También podéis encontrarnos en:

⭐ https://www.facebook.com/fisioincorpore/
⭐ https://www.facebook.com/pg/fisioincore
⭐ Tiwtter:  @fisioincorpore
⭐ https://www.instagram.com/fisioincorpore
⭐ https://www.linkedin.com/company/fisiosincorpore
⭐ https://www.youtube.com/fisioincorpore

🏥  Teléfono para citas: +34 91 376 42 33
🏥  Whatsapp para citas: +34 674 50 57 99
🏥 Para más información, visita www.fisioincorpore.es

#manguitorotador #manguitorotadorlesión #manguitorotadorejercicios",es,True,True,2022-11-26T16:00:10Z,2022-11-26T16:10:36Z
57cGclIpSBA,[],0,Fisioterapia deportiva,"Irrelevante
",647,647,9,¿Cómo montó su propio centro de fisioterapia?,"Demanda laboral
Salidas: centros públicos, mutuas, centros privados
Desarrollo profesional

Suscríbete a este canal para no perder más contenido sobre el mundo profesional.
Más vídeos en la cuenta tiktok @about_life9596
Decirnos qué profesión te gustaría saber en los comentarios :)",es,False,False,,
VyVoEKUsIo0,[],0,Fisioterapia deportiva,"Irrelevante
",202,202,0,"La Escuela Universitaria de Enfermería y Fisioterapia San Juan de Dios, Comillas ICAI-ICADE","Escuela Universitaria de Enfermería y Fisioterapia San Juan de Dios, de la Universidad Pontificia Comillas ICAI-ICADE, ofrece los títulos de grado de Enfermería, de Fisioterapia y Ciencias de la Actividad Física y del Deporte y los másteres en Cuidados Paliativos y Biomecánica y Fisioterapia Deportiva.
Descúbrelos en: 
http://www.euef.comillas.edu/es",es,False,False,,
AqKQjHJ8HN8,[],0,Fisioterapia deportiva,"Irrelevante
",220,220,0,Presentación CIDFE por Ginés Almazán,"Presentación Congreso Internacional de Fisioterapia del Deporte y Juegos Olímpicos por el Dr. Gines Almazán.
¡INSCRÍBETE!

olimpiadas.iaces.es",es,False,False,,
nmnAf0zDLGE,[],0,Fisioterapia deportiva,"Científico
",621,621,1,"12.12.2014 - REPORTAJES UMH TV ""Fisioterapia""","En el reportaje de esta semana vamos a conocer las distintas derivaciones, ramificaciones y opciones que plantea la Fisioterapia. Es uno de los grados que se imparten en la UMH que más salidas profesionales tiene y que más aplicaciones reales consigue para resolver dificultades de movilidad, aplicar terapias curativas y mejorar la calidad de vida de las personas. Conoceremos 'por dentro' el Grado, eminentemente práctico y también veremos cómo trabajan ex alumnos de la UMH que ya son profesionales con técnicas y terapias tan innovadoras como la hidroterapia, terapia con caballos, etc. Además, recogeremos todas las actividades en las que colabora este y otro grado de manera altruista como es la atención a corredores en maratones, a los costaleros de la Semana Santa o a los viajeros del Camino de Santiago.",es,False,False,,
1eM1FSAS4CE,"['Pain', 'Shock', 'pain']",3,Fisioterapia deportiva,"Irrelevante
",247,247,4,⭐Bienvenidos a Fisioincorpore: tus clínicas de Fisioterapia de confianza en Mirasierra y Vallecas,"⭐¡Bienvenidos a Fisioincorpore! 
Tu clínica de fisioterapia y medicina avanzada en Madrid.

Nuestros cartera de servicios incluye fisioterapia avanzada y manual, ejercicio terapéutico, pilates, además de atención médica como traumatología, podología, psicología, medicina del dolor y nutrición.

Nuestra vocación de trabajo multidisciplinar nos ha llevado a desarrollar tres unidades fundamentales para nuestro trabajo:
➡️ Unidad de Espalda
➡️ Unidad de Dolor Crónico
➡️ Unidad de Rendimiento deportivo

Nuestros servicios:
✅EPI 
✅Neuromodulación 
✅Ondas de choque
✅Diatermia profunda
✅SIMAI
✅Acupuntura
✅Fisioterapia Suelo Pélvico
✅Pilates Clínico
✅Osteopatía (adultos e infantil)
✅Podología  y quiropodia 
✅Estudio biomecánico de la pisada
✅Estudio de la marcha
✅Pruebas de esfuerzo deportistas alto nivel
✅Nutrición
✅Mejora del Rendimiento deportivo.

También podéis encontrarnos en:
⭐ https://www.facebook.com/fisioincorpore/
⭐ https://www.facebook.com/pg/fisioincorpoe⭐ Tiwtter:  @fisioincorpore⭐ https://www.instagram.com/fisioincorpore⭐ https://www.linkedin.com/company/fisioincorpore
🏥  Teléfono para citas: +34 91 376 42 33
🏥  Whatsapp para citas: +34 674 50 57 99
🏥 Para más información, visita www.fisioincorpore.es
00:00 ¡Empezamos!
00:23 Gracias a nuestros pacientes
00:38 Proyecto
00:53 Servicios
02:04 Unidades
03:50 ¡Bienvenidos!",es,True,True,2023-06-25T18:00:08Z,2023-06-25T18:06:13Z
_7-oAh4G0Ro,[],0,Fisioterapia deportiva,"Irrelevante
",120,120,0,Guardiola sabe cómo curar los golpes de este mal presente: es fisioterapeuta recibido,"‘Pep’ no está pasando un buen momento en el Manchester City, pero sabe cómo mejorar a su paciente. Aquí te presentamos las curiosidades poco conocidas de este gran estudioso, y no solo del fútbol.

SUSCRÍBETE:
http://bit.ly/1qSjd95

Ve más de Univision Deportes:  
https://www.youtube.com/user/UnivisionDeportes

Visita el sitio oficial:  
http://www.univision.com/deportes

Univision Deportes te ofrece la cobertura más completa del mundo deportivo con lo mejor del fútbol mexicano, de Estados Unidos y del mundo, boxeo, UFC, las grandes personalidades del deporte y mucho más.",es,False,False,,
HrYB128P94M,"['wear', 'endorphins', 'injuries']",3,Fisioterapia deportiva,"Científico
",256,256,4,Indicaciones y contraindicaciones bicicleta elíptica,"Hoy os vamos a hablar de las ventajas y desventajas que tiene practicar un deporte que desde hace años está en pleno auge y de moda. 
Os vamos a hablar de las ventajas y las desventajas que tiene practicar #bicicleta elíptica.

¿QUÉ VENTAJAS NOS APORTA LA #BIBLETA ELÍPTICA?

1- Bajo impacto en las articulaciones. A diferencia de lo que es la cinta estática, la #bicicleta elíptica disminuye mucho el impacto sobre nuestras articulaciones, por lo que está indicado para pacientes que tienen desgaste en las mismas.
2- Ejercicio aeróbico. Al igual que el correr o la bicicleta u otro deporte aeróbico, es un ejercicio extraordinario para nuestro sistema cardiovascular y para nuestra mente, ya que, gracias a la liberación de sustancias como las endorfinas, hace que nuestra salud mental mejore.
3- Quema de calorías. Al igual que otros deportes aeróbicos, se queman muchas calorías, por lo que es muy beneficioso practicarlo, junto con una dieta equilibrada para adelgazar o perder peso.
4- Te ayuda a mantenerte en forma todo el año. Factores, como el clima o la falta de tiempo, hace que muchos deportes se dejen de hacer. La #bicicleta elíptica, al tenerla en un gimnasio o en nuestra casa hace que mantengamos la actividad durante todo el año.
5- Ejercicio de fuerza. Además de ser un deporte aeróbico, es un ejercicio de fuerza. Es decir, al ser una máquina, podemos determinar la resistencia y la inclinación de la misma, por lo que es muy adecuado también para entrenamientos de fuerza.
6- Mas completa que la bicicleta estática. A diferencia de la bicicleta estática, la #bicicleta elíptica, trabaja también el tren superior, por lo que es una práctica deportiva más completa que la bicicleta estática.
7- Es muy sencilla de utilizar. Simplemente es subirse y empezar a entrenar.
8- Es poco monótona. Gracias a que puedes ver vídeos o incluso puedes seguir tratamientos interactivos que hará que no sea nada aburrida.


¿QUÉ DESVENTAJAS TIENE LA #BICICLETA ELÍPTICA?

1- Al igual que otros deportes estáticos con aparatos, no todos son iguales, por lo que habría que tener cuidado a la hora de adquirir o practicar este deporte para no hacernos daño. Siempre tienen que ser máquinas homologadas y hay que asesorarse de cual sería nuestra #bicicleta elíptica adecuada.
2- Al ser una práctica no natural para nuestro cuerpo, hay ciertas lesiones o patologías en la que no está indicado la práctica de la #bicicleta elíptica, ya que, aunque tiene poco impacto sobre nuestras articulaciones, sí que puede aumentar el riesgo de empeorar algunas lesiones, sobre todo tendinosas.
3- Cuidado con la espalda. Antes hemos dicho que es muy fácil de practicar, pero debemos asesorarnos para ajustar bien la #bicicleta elíptica para no estar muy encorvados y hacernos daño.
4- Es una maquina muy grande, por lo que tenerla en nuestra casa, a veces es una desventaja.
5- Al tener poco impacto no mejora nuestra densidad ósea.
6- Puede que no sea el complemento más adecuado para algunos deportes que precisen de correr, ya que, aunque es un ejercicio aeróbico y también de fuerza, no tiene nada que ver con el running o algunos deportes que requieran correr.",es,False,False,,
r5S_T9ITiNw,"['WEB', 'pain', 'tendinitis', 'injuries']",4,Fisioterapia deportiva,"Científico
",44,44,0,Dra.  Sasha Ramírez | Fisioterapia,"Visione los videos de la Doctora Ramírez en: http://goo.gl/89LZtp
La fisioterapia deportiva trata lesiones como tendinitis, dolor de espalda o esguince de tobillo. Fisiolife su centro de rehabilitacion en Costa Rica

Dra. Sasha Ramírez |Terapeuta físico
Fisiolife | fisioterapeutas costa rica
http://www.fisiolifecr.com


CONSULTAS DE SALUD  es un canal interactivo de video orientado a temas de Salud y Bienestar. Con el compromiso de mostrar de forma sencilla las enfermedades, los tratamientos y cómo prevenirlas con los mejores especialistas. La información es su mejor prevención.

Seguir a Consultas de Salud
Suscríbase al Canal ""Consultas de Salud"" AQUÍ: https://goo.gl/LOihIG
Haga Click AQUÍ para ver  más doctores en la WEB: http://www.consultasdesaludcr.com
Síganos en FACEBOOK:  https://goo.gl/KgK5Mc


Para contactar con la dirección del programa: info@consultasdesaludcr.com

saludo",es,False,False,,
WsPt_cSX6dI,['injuries'],1,Fisioterapia deportiva,"Irrelevante
",60,60,0,"Vicena fisioterapia, fisioterapeuta deportivo San Sebastián de los Reyes y Alcobendas","Vicena Fisioterapia, http://vicenafisioterapia.com/, es una clínica de fisioterapia ubicada en la zona de San Sebastián de los Reyes – Alcobendas, donde podrás tratarte con los mejores profesionales de fisioterapia deportiva. 

Vicente Navacerrada, el fisioterapeuta y director de este centro, se diplomó como fisioterapeuta deportivo en Madrid en 2004 y desde entonces se ha consagrado como uno de los mejores fisioterapeutas de San Sebastián de los Reyes. 

En esta clínica de fisioterapia podrás recibir tratamientos de rehabilitación y patologías relacionadas con lesiones deportivas, de columna vertebral, reumatología y traumatología. 

Si estás buscando un fisioterapeuta en Alcobendas o San Sebastián de los Reyes Vicena fisioterapia se presenta como una de las mejores clínicas de Madrid, con personal dedicado tanto a la fisioterapia deportiva de alta competición como a la fisioterapia clínica. 

Puedes contactar con este profesional de la fisioterapia en el teléfono 916 53 25 72 o a través del correo electrónico  info@vicenafisioterapia.com. 

Podrás encontrar su consulta en la calle San Roque, nº 15 de San Sebastián de los Reyes (Madrid).

Música: Música de:The Sand Pebbles-01-Natalie

Productora: www.onlinemedia.com",es,False,False,,
HiywqhjAX_Q,"['muscle pain', 'injuries']",2,Fisioterapia deportiva,"Científico
",167,167,0,ESTIRAMIENTOS GLOBALES DE LAS EXTREMIDADES INFERIORES PARA LA PRACTICA DEPORTIVA,"ESTIRAMIENTOS GLOBALES DE LAS EXTREMIDADES INFERIORES PARA LA PRACTICA DEPORTIVA 

Hoy os mostramos una seria de estiramientos indicados sobretodo para aquellas personas que practiquen deporte de manera regualar. 

Los estiramientos favorecen la circulación y reducen la tensión muscular, mejoran la movilidad para mejorar el rendimiento en la práctica deportiva.

Es importante integrar los ejercicios de estiramientos en la rutina de cualquier deportista para prevenir lesiones y dolores musculares.

⏳Recomendamos hacer series de 30 segundos de cada ejercicio, 2 veces por semana o despúes de practicar deporte.


------------------------------------------------------------------------------------------------------------------------

ESTIRAMENTS GLOBALS DE LES EXTREMITATS INFERIORS PER A LA PRÀCTICA DE L’ESPORT

Avui us mostrem una sèrie d’estiraments indicats sobretot per a les persones que practiquen esport de manera regular.

Els estiraments afavoreixen la circulació i redueixen la tensió muscular, milloren la mobilitat, aconseguint un millor rendiment en la pràctica esportiva.

És important integrar els exercicis d’estiraments en la rutina de qualsevol esportista per tal de prevenir lesions i dolors musculars.

⏳Recomanem fer sèries de 30 segons de cada exercici , 2 cops per setmana o després de la pràctica esportiva.

🤔 Si teniu qualsevol dubte, us podeu posar en contacte amb nosaltres",es,False,False,,
aU3LVtLLhww,[],0,Fisioterapia deportiva,"Científico
",78,78,0,"Especialización ""Fisioterapia del deporte y readaptación deportiva"" - IACES","El fisioterapeuta y osteópata Pablo Llanes nos presenta el Máster de Especialización en Fisioterapia Deportiva.
A lo largo del máster se desarrollan diversos temas anatómicos, biomecánicos, kinesiológicos y fisiológicos del sistema neuromuscular y osteoarticular. Además de ello, se realiza un estudio analítico de las diferentes terapias, analizando su exigencia biomecánica, su aplicación terapéutica y sus posibles contraindicaciones en determinadas patologías.

Para más información, visita nuestra web: http://www.iaces.es/course/deportiva-madrid-2018/",es,False,False,,
9akRmwI2X5U,"['fasciitis', 'WEB', 'muscle injuries']",3,Fisioterapia deportiva,"Científico
",28,28,0,Dra. Dayersi Possamai | Fisioterapia,"Visione los videos de la Doctora Possamai en: http://goo.gl/HTbR7t
La terapia física trata problemas como hernia discal, fascitis plantar o lesiones musculares. Descubra la osteopatía, novedosa técnica en Costa Rica
Dra. Dayersi Possamai | Terapeuta físico
Fisiolife | fisioterapeutas Costa Rica
http://www.fisiolifecr.com

CONSULTAS DE SALUD  es un canal interactivo de video orientado a temas de Salud y Bienestar. Con el compromiso de mostrar de forma sencilla las enfermedades, los tratamientos y cómo prevenirlas con los mejores especialistas. La información es su mejor prevención.

Seguir a Consultas de Salud
Suscríbase al Canal ""Consultas de Salud"" AQUÍ: https://goo.gl/LOihIG
Haga Click AQUÍ para ver  más doctores en la WEB: http://www.consultasdesaludcr.com
Síganos en FACEBOOK:  https://goo.gl/KgK5Mc


Para contactar con la dirección del programa: info@consultasdesaludcr.com



saludo",es,False,False,,
BXUqpgHz_so,[],0,Fisioterapia deportiva,"Irrelevante
",1224,1224,1,🎧 VIVIR GAZA | Capítulo 5: 'Terapia Deportiva' | LAB,"En la Franja de #Gaza, el #deporte juega un papel crucial para la salud mental de sus habitantes, donde el conflicto invade sus vidas. En este último podcast de la serie nos lanzamos a la piscina con nadadoras que sueñan con participar en los Juegos Olímpicos y heridos de #guerra que juegan al fútbol.

Puedes vivir la experiencia interactiva del webdoc y del resto de los capítulos aquí 👇
https://www.rtve.es/vivir-gaza",es,True,True,2019-07-11T18:00:11Z,2019-07-11T18:22:29Z
r-gEdBHB_V8,['RCD'],1,Fisioterapia deportiva,"Irrelevante
",169,169,0,Carlos Lozano - De entrenador a fisio de Primera,"Carlos Lozano entró en Marcet como entrenador a los 17 años. Su talento le llevó al RCD Espanyol, antes como técnico y luego como fisioterapeuta. Con un paréntesis en la Superliga china, donde compartió vestuario con futbolistas como Carlos Tévez o Freddy Guarín.",es,False,False,,
p9IT12JVg2Y,['shakes'],1,Fisioterapia deportiva,"Irrelevante
",,,,,,,False,False,,
dEF3eTAx_DE,[],0,Fisioterapia deportiva,"Científico
",199,199,0,"Explicación del Protocolo DEBA por el Dr Bernáldez, Avances en Traumatología Deportiva (SportMe)","PROTOCOLO DEBA: La nueva era de la Traumatología y Cirugía Ortopédica .
(Deportiva, Ecografía, Biología y Artroscopia)

La puesta en común de protocolos y el trabajar en equipos multidisciplinarios han permitido ampliar el conocimiento entre distintas especialidades médicas, destacando la posibilidad de realizar nuevas terapias que van a perseguir realizar mínimos abordajes e incluso poder tratar patologías de forma “no quirúrgica” obteniendo resultados satisfactorios y disminuyendo en gran medida el número de posibles complicaciones. 

Para ello, entran en juego cuatro conceptos en los que nuestro equipo lleva años trabajando, el protocolo DEBA y que coordinados de forma conjunta están aportando unos excelentes resultados en la práctica clínica actual. El protocolo DEBA recoge de forma sistemática aplicar los conceptos de traumatología Deportiva modernos, el uso en la consulta y en el quirófano de la Ecografía musculo esquelética comulgando con la filosofía POCUS (Point of Care Ultrasound). 
En tercer lugar, considerar las terapias Biológicas como una herramienta más en el arsenal terapéutico donde la célula va a actuar como medicamento (diferenciando las terapias entre  plasma rico en plaquetas y las células madre)Y, por último, el uso de cirugías Artroscópicas, procedimientos mínimamente invasivos que va a permitir reproducir los gestos clásicos “abiertos “de una forma con menor daño tisular , por lo que van a permitir una mejor recuperación. 

Es por ello, que el protocolo DEBA (Deportiva, Ecografía, Biológicos y Artroscopia) está mejorando los resultados clínicos, acortando los plazos en la recuperación y reduciendo de forma considerable el gasto sanitario.  

En SPortMe somos especialista en Traumatología y Cirugía Ortopédica,  Terapias Biológicas,  Ecografía Aparato Locomotor y Terapias Ecoguiadas
Máster Nacional en Traumatología Deportiva

Somos una clínica avalada por 4 generaciones de Traumatólogos que hemos dado nombre y sello de identidad a nuestra pasión: la Traumatología tanto Deportiva como la Cirugía Ortopédica, en definitiva, la ciencia que permite que nuestros cuerpos puedan seguir respondiendo a las exigencias y objetivos de nuestro día a día.

Nuestro clientes son deportistas de alto nivel que quieren recuperarse cuanto antes de sus lesiones, personas que no han obtenido el resultado esperado tras su cirugía (2º opinión media) y cualquier persona que quiera mejorar y progresar en su día a dia.
+info: www.clinicabernaldez.com

DEBA PROTOCOL:
 The new era of Traumatology and Orthopedic Surgery .
(
Sports, Ultrasonography, Biology and Arthroscopy

)

The sharing of protocols and working in multidisciplinary teams has allowed us to expand the knowledge between different medical specialties, highlighting the possibility of new therapies that will pursue minimum approaches and even be able to treat pathologies in a ""non-surgical"" way obtaining satisfactory results and greatly reducing the number of possible complications. 


To this end, four concepts come into play in which our team has been working for years, the DEBA protocol, and which, when coordinated together, are providing excellent results in current clinical practice. 
The DEBA protocol includes the systematic application of the concepts of modern sports traumatology, the use of musculoskeletal ultrasound in the consultation and in the operating room, in accordance with the POCUS (Point of Care Ultrasound) philosophy. 
Thirdly, to consider biological therapies as another tool in the therapeutic arsenal where the cell will act as a medicine (differentiating therapies between platelet-rich plasma and stem cells).
And finally, the use of arthroscopic surgeries, minimally invasive procedures that will allow to reproduce the classic ""open"" gestures in a way with less tissue damage, which will allow a better recovery. 


That is why the DEBA protocol (Sports, Ultrasound, Biological and Arthroscopy) is improving clinical results, shortening recovery times and considerably reducing health care costs.  

At SPortMe we are specialists in Traumatology and Orthopedic Surgery, Biological Therapies, Locomotor System Ultrasound and Ultrasound-guided Therapies.
National Master in Sports Traumatology

We are a clinic backed by 4 generations of orthopedic surgeons who have given name and seal of identity to our passion: Sports Traumatology and Orthopedic Surgery, in short, the science that allows our bodies to continue responding to the demands and objectives of our day to day.

Our clients are high-level athletes who want to recover as soon as possible from their injuries, people who have not obtained the expected result after surgery (2nd average opinion) and anyone who wants to improve and progress in their daily lives.
+info: www.clinicabernaldez.com",es,False,False,,
eDbc_JcIy-0,"['loss of mobility', 'lower back injuries', 'inflammation', 'ankle sprains', 'dislocations', 'muscle weakness', 'knee injuries', 'numbness', 'Achilles tendinitis', 'injuries', 'stress fractures', 'pain']",12,Fisioterapia deportiva,"Científico
",291,291,0,"🟢 LESIONES EN GIMNASIA DEPORTIVA - Tipos, Causas, Síntomas y Tratamiento","¿Te preocupa sufrir lesiones mientras practicas gimnasia rítmica o deportiva? ¡Este video de YouTube es tu guía completa sobre las lesiones más comunes en la gimnasia! Exploraremos en detalle los diferentes tipos de lesiones que pueden ocurrir durante la práctica de estos demandantes deportes, sus posibles causas, los síntomas característicos y las opciones de tratamiento disponibles. La gimnasia rítmica y deportiva son disciplinas que requieren alta flexibilidad, fuerza y precisión, lo que puede llevar a diversas lesiones si no se toman las precauciones adecuadas. Conocer los riesgos y cómo prevenir y tratar las lesiones es fundamental para disfrutar de una práctica segura y efectiva.

Aquí tienes un resumen de lo que cubriremos en este video:

✅ Comprender las Lesiones en Gimnasia Rítmica y Deportiva: Obtén una explicación detallada de qué son las lesiones en la gimnasia, cómo pueden ocurrir y por qué es importante abordarlas adecuadamente para mantener una práctica segura y efectiva.
✅ Tipos de Lesiones en Gimnasia: Aprende sobre los diferentes tipos de lesiones que pueden ocurrir en la gimnasia rítmica y deportiva, como esguinces de tobillo, desgarros musculares, tendinitis de Aquiles, lesiones de rodilla, lesiones de espalda baja, fracturas por estrés, lesiones de muñeca y codo, y dislocaciones de hombro. Comprender estas diferencias es esencial para un tratamiento adecuado y prevención eficaz.
✅ Causas Subyacentes: Explora las posibles causas de las lesiones en la gimnasia, que pueden incluir sobreuso, técnica incorrecta, falta de calentamiento, falta de acondicionamiento físico adecuado, repetición de movimientos complejos y caídas durante el entrenamiento o competición.
✅ Síntomas Característicos: Conoce los síntomas comunes asociados con las lesiones en la gimnasia, que pueden incluir dolor agudo o crónico en las áreas afectadas, inflamación, rigidez, pérdida de movilidad, debilidad muscular, y en algunos casos, entumecimiento u hormigueo.
✅ Diagnóstico Preciso: Descubre los métodos utilizados por los profesionales de la salud para diagnosticar las lesiones en la gimnasia, que pueden incluir exámenes físicos, análisis de la historia clínica, pruebas de imagen como radiografías, resonancias magnéticas y ultrasonidos, así como evaluaciones de la movilidad y fuerza.
✅ Opciones de Tratamiento: Explora una variedad de opciones de tratamiento para las lesiones en la gimnasia, que pueden incluir reposo, aplicación de hielo o calor, medicamentos antiinflamatorios, fisioterapia, ejercicios de fortalecimiento y estiramiento, ajustes en la técnica y en casos graves, intervención quirúrgica.
✅ Recuperación y Prevención: Obtén consejos prácticos sobre cómo manejar la recuperación de una lesión en la gimnasia y qué medidas puedes tomar para prevenir futuras lesiones, como realizar un calentamiento y estiramiento adecuados, fortalecer los músculos clave, seguir una técnica correcta, y seguir una rutina de entrenamiento equilibrada y progresiva.

Con este video, esperamos brindarte una comprensión completa de las lesiones más comunes en gimnasia rítmica y deportiva y cómo manejarlas de manera efectiva. Al final del video, estarás mejor preparado para tomar decisiones informadas sobre tu práctica deportiva y bienestar general.

📢 HASHTAGS
#dolor #lesionesdeportivas #lesion",es,False,False,,
itRE0LKft60,['pain'],1,Fisioterapia deportiva,"Irrelevante
",115,115,0,UMH TV - IX Congreso Nacional de Estudiantes de Fisioterapia UMH,"Los Estudiantes de Fisioterapia de la Universidad Miguel Hernández han celebrado su noveno congreso anual. Este año los temas estrella han sido la fisioterapia deportiva, los tratamientos en torno al dolor y las nuevas tecnologías.",es,False,False,,
6uFk9oeF1uM,[],0,Fisioterapia deportiva,"Científico
",94,94,0,Ejercicio 1- Fisioterapia con Claudia Juan Vigar. protege tus hombros en la remada mientras Surfeas,"¿Sabías que el gesto de la ramada en el surf puede dañar tus hombros? Aprende a prevenir este tipo de lesiones con un simple ejercicio.
La fisioterapeuta del equipo nacional de vela, te explica en un breve video, como prevenir las lesiones. #malaga #surfskate #surf #deporte #fisioterapia #lesionesdeportivas #prevención
https://www.sirenasconbarba.com/fisioterapia",es,False,False,,
SwbvH2bIWbo,"['aneurysms', 'pneumonia', 'epicondylitis', 'stroke', 'osteoarthritis', 'Guillain-Barre syndrome', 'ALS', 'neck pain', 'cerebral palsy', 'scoliosis', 'sciatica', 'sprains', 'traumatic brain injury', 'COPD', 'asthma', 'tuberculosis', 'neuropathies', 'Chronic obstructive pulmonary disease', 'fractures', 'cord injury', ""Parkinson's disease"", 'muscle contracture', 'fasciitis', 'osteoporosis', 'dislocations', 'arthritis', 'pain']",27,Fisioterapia deportiva,"Científico
",212,212,3,Como QUITAR el DOLOR. FISIOTERAPIA 😲,"CAMBIA TU VIDA AHORA 👉🏽  https://wa.me/message/WVHAGHKDWDCLN1

¡Si quieres ELIMINAR EL DOLOR, ser mas FUNCIONAL u obtener una REHABILITACIÓN RÁPIDA, separa tu cita de fisioterapia online con el 15% de descuento, solo por TIEMPO LIMITADO!

Con la fisioterapia online puedes obtener grandes beneficios que te ayudaran recuperar tu salud, movilidad e independencia.

Soy Fisioterapeuta egresada de la universidad CES, Especialista en Gerencia de la Salud Ocupacional, con 7 años de experiencia en las áreas osteomuscular, neuromuscular, cardiorrespiratoria, capaz de proponer y ejecutar planes de promoción, prevención, tratamiento y rehabilitación sustentados en la evidencia científica.

Algunas de las enfermedades que he tratado con éxito:

Lesión medular, accidente cerebrovascular, parálisis cerebral, traumatismo craneoencefalico, aneurismas, síndrome de Guillain-Barre, ELA, Alzheimer, enfermedad de Parkinson, neuropatías.

Síndrome manguito rotador, remplazo de cadera, remplazo de rodilla, fracturas, epicondilitis, esguinces, contractura muscular, ciática, lumbalgia, cervicalgia, escoliosis, artrosis, artritis, osteoporosis, fascitis plantar, luxaciones, desacondicionamiento físico.

Enfermedad crónica obstructiva (EPOC), asma, neumonía, tuberculosis, COVID, Entre otras.

Soy una profesional responsable, ética, creativa, con sensibilidad y formación humana y social.

https://www.doctoralia.co/daniela-zuluaga-perez/fisioterapeuta/medellin

Fisioterapia a tu alcance, fisioterapia online, fisioterapia online dorsales, fisioterapia online tobillo, anciano, drr fisioterapia , fisioterapia latina, Fisioterapia del deporte, me duele la rodilla, tratamiento medicina, dolor agudo, dolor al doblar la rodilla en la parte interna, tendinitis poplítea, manguito rotador, contractura muscular, dolor referido, dolor, porque me duele, porque me duele el cuello, porque me duelen las rodillas, porque me duele la cabeza, porque me duele el pecho, porque me duele todo el cuerpo, porque me duelen los talones, fibromialgia, dolor de rodilla, fisioterapia bilbao, tratamiento, rehabilitacion bilbao, bueno, especialista, recuperacion, clinica, tendinitis, consulta, tratamiento rehabilitador, recuperar, buen, recomendado, recuperación, fisioterapeuta bilbao, barato, fisioterapeutas bilbao, bursitis,tratar, curar, desgaste, proceso degenerativo, dolor rodilla, deformación de rodilla, ejercicio para adultos mayores, ejercicios, fisioterapia ictus por acv, fisioterapia ictus paralizada por acv ,fisioterapia ictus por acv, fisioterapia pierna por acv, fisioterapia acv , evento vascular cerebral, fisioterapia Neurológica, rehabilitación Neurológica, Neurorehabilitación, neurorehabilitacion, accidente cerebrovascular, accidente vascular cerebral, ejercicios, lesión cerebral, lesión neurológica, evc, acv, avc, ictus, embolia, embolia cerebral, cerebro, stroke, stroke survivor, hemiplejia, brazo hemiplejico, ejercicios de brazo y hombro, hombro hemiplejico, inspiración, paciente, rehabilitación de cadera, dolor lumbar , rehabilitacion fractura de cadera, rehabilitación para un reemplazo total de cadera, rehabilitacion protesis de cadera, dolor lumbar tratamiento, dolor lumbar inespecífico, dolor lumbar bajo, dolor lumbar embarazo primeras semanas, dolor lumbar causas, dolor lumbar imagen, dolor lumbar agudo, dolor lumbar crónico, dolor lumbar izquierdo, dolor lumbar pdf, dolor lumbar muscular, como tratar el dolor lumbar, lumbalgia, dolor de espalda, dolor lumbar, Realizo fisioterapia pediátrica, fisioterapia neurologica infantil, fisioterapia España, fisioterapia argentina, fisioterapia.

https://www.doctoralia.co/daniela-zuluaga-perez/fisioterapeuta/medellin",es,False,False,,
xSkSgsbD72Q,"['Musculoskeletal Disorders\n\n', 'musculoskeletal disorders', 'neuro-meningeal', 'pain']",4,Fisioterapia deportiva,"Científico
",89,89,0,Diploma de Especialización en Fisioterapia Manual en las Afecciones del Aparato Locomotor,"Más información en https://bit.ly/46tV11a

Descubre el Diploma de Especialización en Fisioterapia Manual en las Afecciones del Aparato Locomotor de la Universidad Autónoma de Madrid. En este programa adquirirás conocimientos teórico-prácticos para convertirte en un experto en el tratamiento y prevención del dolor y los trastornos musculoesqueléticos. Aprenderás a realizar diagnósticos fisioterapéuticos precisos, diseñar protocolos de intervención personalizados y aplicar técnicas avanzadas en fisioterapia manual, como movilización de alta velocidad, movilización neuromeníngea e inducción miofascial. Nuestro enfoque multidisciplinario y basado en la evidencia te permitirá abordar de manera segura y efectiva a pacientes con diversas afecciones musculoesqueléticas.",es,False,False,,
AAQxkPPB5U0,"['fasciitis', 'Patellar tendinitis', 'injuries', 'knee injury', 'Muscle injuries', 'fatigue', 'Ankle sprain']",7,Fisioterapia deportiva,"Científico
",264,264,4,"""🔥 ¡Las 5 Lesiones Más Comunes en el Deporte y Cómo Evitarlas! 🏋️‍♂️⚽🏀""","🚨 ¡Atención deportistas! 🚨
En este video te revelo las 5 lesiones más frecuentes en el deporte 🏃‍♀️🏃‍♂️ que podrían alejarte de tu actividad favorita si no las previenes:

1️⃣ Esguince de tobillo 🦶⚠️: Descubre cómo la fatiga y la falta de concentración pueden afectarte.
2️⃣ Fascitis plantar 👣🔥: Aprende por qué la biomecánica correcta es esencial.
3️⃣ Tendinitis rotuliana 🦵💥: ¡Cuidado con esta lesión del saltador!
4️⃣ Lesiones del manguito rotador 🦾🔄: La clave para un hombro saludable.
5️⃣ Lesiones musculares 💪💔: El estrés y la falta de calentamiento no son tus aliados.

💡 Prevención = tu mejor herramienta ✅. Con unos simples cambios en tu rutina, ¡puedes evitar que estas lesiones se conviertan en un problema crónico! 💯

📢 ¡No te lo pierdas! Suscríbete al canal 🔔 y activa la campanita para más contenido sobre salud deportiva, fisioterapia y rendimiento físico.

📲 Sígueme en mis redes sociales y explora más contenido exclusivo:
👉 Físico.tv 🌐
👉 Icomet.net 🌐

🔥 Comparte este video con tus amigos deportistas 🏅 y ayúdales a proteger su salud. Nos vemos en el próximo video, ¡cuida de tu cuerpo! 💪✨

🏋️‍♂️ lesiones deportivas
⚠️ prevención de lesiones
🏃‍♀️ fisioterapia deportiva
🦶 esguince de tobillo
👣 fascitis plantar
💥 tendinitis rotuliana
🔄 manguito rotador
💪 lesiones musculares
🌟 salud deportiva
🎯 rendimiento físico",es,False,False,,
7pnSOFEwwRk,[],0,Fisioterapia deportiva,"Irrelevante
",241,241,0,¡Fisioterapia y Sabiduría! 50 Frases Inspiradoras que Debes Conocer,"¿Listo para una dosis de inspiración y sabiduría en el mundo de la fisioterapia? En este video emocionante, te traemos una recopilación de las 50 frases más inspiradoras de fisioterapia que debes conocer. Ya seas un fisioterapeuta profesional, un paciente en proceso de rehabilitación o simplemente alguien que busca motivación, estas palabras te tocarán profundamente.
Nuestro equipo ha investigado y seleccionado cuidadosamente estas frases que reflejan la esencia de la fisioterapia: la recuperación, la fortaleza y la esperanza. Descubrirás cómo los fisioterapeutas, pacientes y expertos en salud han compartido su visión a lo largo del tiempo, brindando consuelo y dirección en el camino hacia la salud y el bienestar.
No importa en qué etapa de tu viaje de salud te encuentres, estas frases te recordarán el poder de la perseverancia, la importancia de la movilidad y el papel vital que desempeña la fisioterapia en nuestras vidas.
Así que, prepárate para sentirte motivado y fortalecido. ¡Dale play al video y descubre estas frases inspiradoras que transformarán tu perspectiva sobre la fisioterapia y la vida misma! No olvides darle like, suscribirte y compartir con aquellos que también podrían beneficiarse de esta valiosa sabiduría.",es,False,False,,
Wg9itsXbUFE,[],0,Fisioterapia deportiva,"Irrelevante
",311,311,0,Elieth  Mandoza Fisioterapeuta del equipo de Esteli GPO y Juvenil AAA en el Nacional 2023.,"Mendoza nos habla de su experiencia como Fisioterapeuta con equipos Masculinos en Voleibol y Béisbol.

Nota : Entrevista de José Escorcia para Nuevo horizonte deportivo E.L",es,False,False,,
D78luEXTrdI,['pains'],1,Fisioterapia deportiva,"Científico
",112,112,0,Ejercicio 2 - Fisioterapia con Claudia Juan Vigar. Protege tu cuello para la práctica del Surf,"¿Te duele el cuello después de surfear? ¿Sabías que la ramada en el surf genera mucha tensión en la musculatura pectoral?
Claudia nos enseña en este breve video, un sencillo ejercicio para evitar estos dolores del cuello y mejorar la postura.",es,False,False,,
cTlZMI1SWow,[],0,Fisioterapia deportiva,"Irrelevante
",112,112,0,UMH TV - XIV Congreso Internacional de Fisioterapia,"Estudiantes y profesionales de la Fisioterapia se han dado cita en el Congreso Internacional de Fisioterapia de la Universidad Miguel Hernández. Durante tres días, han disfrutado de talleres, ponencias y debates sobre las últimas novedades en el sector.",es,False,False,,
RAIufsQbN6I,"['flexion and external rotation', 'Vigar']",2,Fisioterapia deportiva,"Científico
",109,109,0,Ejercicio 5-  Fisioterapia con Claudia Juan Vigar. Mejora el rango de movilidad en tus caderas,"Nuestra Fisioterapeuta deportiva Claudia Juan Vigar nos explica en el siguiente vídeo (5ª entrega) Como  mejorar la movilidad de tus caderas tanto en flexión como en rotación externa.
#fisioterapiadeportiva  #fisioterapia  #surf  #malaga #deporte #vidasana #entrenamiento",es,False,False,,
y2cpKLmagWw,[],0,Fisioterapia deportiva,"Científico
",1758,1758,0,Lesiones del sistema musculoesquelético en la práctica deportiva y su readaptación: 25 7mayo/ 2022,"Moderadora:
Cristina Rodríguez 
Ponente:
Frida Ayala",es,False,False,,
xapW1RS5JtA,[],0,Fisioterapia deportiva,"Irrelevante
",3838,3838,0,FORMADORES DE CAMPEONES CAPÍTULO XV: MAESTROS DE LA FISIOTERAPIA Y READAPTACIÓN DEPORTIVA,"SERIE: FORMADORES DE CAMPEONES
FISIOTERAPEUTA MARINO GUZMÁN
FISIOTERAPEUTA LENIN SANDOVAL
FISIOTERAPEUTA FRANCISCO MUÑOZ",es,True,True,2022-03-19T02:58:12Z,2022-03-19T04:04:08Z
xbF81mVcmUU,['Vigar'],1,Fisioterapia deportiva,"Científico
",98,98,0,Ejercicio  4- Fisioterapia con Claudia Juan Vigar.  Mejora tu postura de remada sobre la tabla.,"Nuestra Fisioterapeuta deportiva Claudia Juan Vigar nos explica en el siguiente vídeo (4ª entrega) Como  poder elevar bien el pecho sobre la tabla y mejorar tu postura para una remada mas eficiente .
Para este ejercicio solo necesitarás una silla con respaldo.
#fisioterapiadeportiva  #fisioterapia  #surf  #malaga #deporte #vidasana #entrenamiento",es,False,False,,
sinyV_4vHig,['ankle sprain'],1,Fisioterapia deportiva,"Científico
",96,96,0,EJERCICIOS PROPIOCEPTIVOS PARA UN ESGUINCE DE TOBILLO -  curso de fisioterapia deportiva - practica,"aquí estamos realizando ejercicios propioceptivos para un esguince de tobillo usaremos una banda elástica, hacemos una flexión dorsal dando movimientos al tobillo lesionado podemos repetir el ejercicios hacemos 3 serios de 15 repeticiones",es,False,False,,
32f-ewLsxx8,['CAR'],1,Fisioterapia deportiva,"Irrelevante
",261,261,0,Resolviendo dudas de la Fisioterapia | La Grada,"Entrevista con César Valadez, Fisioterapeuta graduado de UNUS, quién es encargado de los deportistas dentro del CAR Tijuana.",es,False,False,,
r-ITuNPzxVU,[],0,Fisioterapia deportiva,"Irrelevante
",3131,3131,0,Fisioterapia deportiva: 7 de noviembre de 2022,"Moderador:
Jaime Moreno
Ponente:
Marcela Vásquez",pt,False,False,,
QL5qEwNz3bE,[],0,Fisioterapia deportiva,"Irrelevante
",3412,3412,0,Al Sazón del Deporte - Fisioterapia Deportiva,Al Sazón del Deporte - Fisioterapia Deportiva,it,False,False,,
